{
  "train_loss": [
    2.0100525319730917,
    1.7796478044522777,
    1.7063134862487381,
    1.65842071166554,
    1.6278235017235214,
    1.5964676982866752,
    1.5713544159309285,
    1.550179776080879,
    1.536776853404174,
    1.5175234133527087,
    1.5030927577057402,
    1.489646366071701,
    1.4775589096984347,
    1.4640491036750176,
    1.4557349210429837,
    1.443997423998085,
    1.4360139473167626,
    1.4261555123393599,
    1.418722109638678,
    1.4109499890494992
  ],
  "val_loss": [
    1.8400599056526468,
    1.785874604156871,
    1.710888892423371,
    1.6691592382101366,
    1.6307810817365294,
    1.6047915625254312,
    1.6103105194421463,
    1.6142076062802917,
    1.5553757942435182,
    1.5243217899463797,
    1.5157233977776985,
    1.500090938078327,
    1.4912594841756939,
    1.4987495217146698,
    1.4824600214192898,
    1.4644177690152769,
    1.4594013577637852,
    1.4699797188488055,
    1.4436535564563895,
    1.4369627083436942
  ],
  "val_accuracy": [
    0.2730864197530864,
    0.32296296296296295,
    0.3506172839506173,
    0.39827160493827163,
    0.4291358024691358,
    0.41358024691358025,
    0.3916049382716049,
    0.41703703703703704,
    0.4254320987654321,
    0.47358024691358025,
    0.4822222222222222,
    0.4883950617283951,
    0.46617283950617283,
    0.4837037037037037,
    0.4980246913580247,
    0.48419753086419753,
    0.4725925925925926,
    0.4948148148148148,
    0.5081481481481481,
    0.5079012345679013
  ],
  "learning_rate": [
    0.01,
    0.0095,
    0.009025,
    0.00857375,
    0.0081450625,
    0.007737809374999999,
    0.007350918906249998,
    0.006983372960937498,
    0.006634204312890623,
    0.006302494097246091,
    0.005987369392383786,
    0.005688000922764597,
    0.005403600876626367,
    0.005133420832795048,
    0.0048767497911552955,
    0.00463291230159753,
    0.0044012666865176535,
    0.004181203352191771,
    0.003972143184582182,
    0.0037735360253530726
  ]
}